<?xml version="1.0" encoding="UTF-8"?>
<!DOCTYPE coverity SYSTEM "config.dtd">
<coverity>

<metrics>
    <metric>
        <name>time</name>
        <value>1</value>
    </metric>
    <metric>
        <name>args</name>
        <value>cov-build --dir cov-int --no-command</value>
    </metric>
    <metric>
        <name>host</name>
        <value>SG-PC</value>
    </metric>
    <metric>
        <name>short-platform</name>
        <value>win32</value>
    </metric>
    <metric>
        <name>platform</name>
        <value>Windows 7 Professional, 32-bit, Service Pack 1 (build 7601)</value>
    </metric>
    <metric>
        <name>ident</name>
        <value>2017.07 (build c7e331b562 p-milo-push-30112.651)</value>
    </metric>
    <metric>
        <name>user</name>
        <value>msi</value>
    </metric>
    <metric>
        <name>cwd</name>
        <value>E:\Installer\cov-analysis-win32-2017.07\bin</value>
    </metric>
    <metric>
        <name>config</name>
        <value>E:\Installer\cov-analysis-win32-2017.07\config\coverity_config.xml</value>
    </metric>
    <metric>
        <name>intermediatedir</name>
        <value>E:\Installer\cov-analysis-win32-2017.07\bin\cov-int</value>
    </metric>
    <metric>
        <name>outputdir</name>
        <value>E:\Installer\cov-analysis-win32-2017.07\bin\cov-int\output</value>
    </metric>
    <metric>
        <name>emitdir</name>
        <value>E:\Installer\cov-analysis-win32-2017.07\bin\cov-int\emit</value>
    </metric>
    <metric>
        <name>force</name>
        <value>no</value>
    </metric>
    <metric>
        <name>cygwin</name>
        <value>no</value>
    </metric>
    <metric>
        <name>failures</name>
        <value>0</value>
    </metric>
    <metric>
        <name>successes</name>
        <value>0</value>
    </metric>
    <metric>
        <name>recoverable-errors</name>
        <value>0</value>
    </metric>
    <metric>
        <name>cs-webapps-detected</name>
        <value>0</value>
    </metric>
    <metric>
        <name>cs-webapp-successes</name>
        <value>0</value>
    </metric>
    <metric>
        <name>cs-webapp-compilation-secs</name>
        <value>0</value>
    </metric>
    <metric>
        <name>buildcmd</name>
        <value>cov-build.exe</value>
    </metric>
</metrics>
</coverity>
